Thiên Phú, Xúc xích
Thiên Phú, Cá viên
Thiên Phú, Gà đùi
Thiên Phú, Chân gà
Thiên Phú, Gà phi lê có da
Thiên Phú, Trứng gà
Thiên Phú, Trứng cút
Thiên Phú, Trứng muối
Thiên Phú, Sườn cây
Thiên Phú, Mỡ gà
NDM, Tôm sú tươi
NDM, Tôm thẻ
NDM, Hến
NDM, Cá basa
Thông Tuệ, Sườn cốt lết  
Thông Tuệ, Heo ba rọi không da  
Thông Tuệ, Nạc dăm  
Thông Tuệ, Gân bò  
Thông Tuệ, Đuôi bò  
Thông Tuệ, Bò đùi  
Thông Tuệ, Bò blade
Đồng xanh, Bún tươi  
Đồng xanh, Bún to  
Đồng xanh, Bánh phở  
Đồng xanh, Giá  
Đồng xanh, Bì Thính  
Đồng xanh, Bột chiên  
Đồng xanh, Xà lách  
Đồng xanh, Tía tô  
Đồng xanh, Diếp cá  
Đồng xanh, Húng cây  
Đồng xanh, Kinh giới  
Đồng xanh, Ớt sừng  
Đồng xanh, Thơm  
Đồng xanh, Ngó sen  
Đồng xanh, Chuối xanh  
Đồng xanh, Khế xanh  
Đồng xanh, Cà chua bi  
Đồng xanh, Dưa leo  
Đồng xanh, Củ cải trắng  
Đồng xanh, Cà rốt  
Đồng xanh, Cà chua  
Đồng xanh, Cà tím
Đồng xanh, Cải thìa  
Đồng xanh, Cần tàu  
Đồng xanh, Đậu que  
Đồng xanh, Ớt chuông xanh  
Đồng xanh, Ớt chuông đỏ  
Đồng xanh, Đu đủ xanh  
Đồng xanh, Xoài xanh  
Đồng xanh, Hành tây  
Đồng xanh, Hành lá  
Đồng xanh, Hành tím  
Đồng xanh, Hành tím bào  
Đồng xanh, Tỏi lột vỏ  
Đồng xanh, Gừng  
Đồng xanh, Sả cây  
Đồng xanh, Sả xay  
Đồng xanh, Ngò rí  
Đồng xanh, Lá chanh  
Đồng xanh, Ngò gai  
Đồng xanh, Muống cọng  
Đồng xanh, Bông súng  
Đồng xanh, Kèo nèo  
Đồng xanh, Rau đắng  
Đồng xanh, Rau răm  
Đồng xanh, Lá chuối  
Đồng xanh, Tắc trái  
Đồng xanh, Lá lốt  
Đồng xanh, Rau quế  
Đồng xanh, Mì gói  
Đồng xanh, Đậu phộng  
Đồng xanh, Cải chua  
Đồng xanh, Lá é  
Đồng xanh, Bầu trái  
Đồng xanh, Khổ qua  
Đồng xanh, Lá dứa  
Đồng xanh, Chanh trái  
Đồng xanh, Rau má  
Đồng xanh, Húng lủi  
Đồng xanh, Ớt hiểm đỏ  
Đồng xanh, Ớt hiểm xanh  
Đồng xanh, Củ năng  
Đồng xanh, Củ riềng  
Đồng xanh, Xí muội  
Cô Loan, Chè trôi nước  
Cô Loan, Chè bà ba  
Cô Loan, Chè nếp  
Cô Loan, Lá sâm  
Cô Loan, Chanh dây  
Cô Loan, Cam trái  
Cô Loan, Dưa lưới  
Cô Loan, Bánh mì  
Cô Loan, Bắp hạt  
Cô Loan, Đậu hũ non  
Cô Loan, Giò sống  
Cô Loan, Cua xay  
Cô Loan, Mỡ heo  
Cô Loan, Xương bò  
Cô Loan, Mỡ bò  
Cô Loan, Chả cây  
Cô Loan, Heo quay  
Cô Loan, Bò nạm  
Cô Loan, Bò viên  
Cô Loan, Dưa món  
Cô Loan, Mắm linh - mắm sặc  
Cô Loan, Bột bánh xèo  
Cô Loan, Khô bò đen  
Cô Loan, Bánh tráng dẻo  
Cô Loan, Bánh phồng tôm  
Cô Loan, Nấm rơm  
Cô Loan, 3 Loại Nấm  
Cô Loan, Miến  
Cô Loan, Hạt Màu Điều  
Cô Loan, Tôm khô  
Cô Loan, Mắm ruốc  
Cô Loan, Mắm tôm  
Cô Loan, Nước Tắc  
Cô Loan, Dấm tiều  
Cô Loan, Gạo lức sấy  
Cô Loan, Nấm mèo  
Cô Loan, Bột bắp  
Cô Loan, Khô cá dứa  
Cô Loan, Bột chiên xù  
Cô Loan, Bánh phở khô  
Cô Loan, Nấm đông cô khô  
Cô Loan, Ngũ vị hương  
Cô Loan, Đường ngô  
Cô Loan, Ống màu gạch cua  
Cô Loan, Đường chảy  
Cô Loan, Cồn khô  
Cô Loan, Bột tỏi  
Cô Loan, Bột đậu khấu  
Cô Loan, Khăn trắng  
Cô Loan, Bánh đa  
Cô Loan, Đậu đen
